request_id,stage,source_group,judgment,warning_status,request_summary,reason
sol_astra:energy-additional-meeting-55-add55-u1:r1,draft_presence,審議会66以前・原案,partial_present_correspondence,none,再生可能エネルギーの導入拡大に際し、不適切な環境保全対策や設備の不法投棄等が発生しないよう、国が責任を持って事業者を指導することを求めている。,原案には、再生可能エネルギー事業に伴う環境・景観への影響や将来の廃棄への懸念を踏まえ、事業規律の確保、法令違反の早期是正、現地調査を含む執行体制の強化、太陽光パネルの適正な廃棄処分を確保する制度の検討が具体的に記載されている。一方、要求の中心である「国は責任をもって事業者を指導」することは明示されず、「不適切な環境保全対策」及び設備一般の「不法投棄」を直接対象とした記載も確認できないため、一部記載対応と判断した。
sol_astra:energy-additional-meeting-55-add55-u1:r4,draft_presence,審議会66以前・原案,present_correspondence,none,安全を最優先として、核燃料サイクルや廃炉の円滑化等のバックエンド対策など、原子力の諸課題に対して国が責任ある政策を実行することを求めている。,本文候補には、原子力の安全性を全てに優先する方針、核燃料サイクル・円滑かつ着実な廃炉・最終処分を含むバックエンド対応の重要課題化、及び国が前面に立って責務を果たす方針が具体的に記載されている。複数の記載を一体として見ると、要求の対象、方向、範囲及び安全最優先という条件に実質的に対応している。
sol_astra:energy-additional-meeting-55-add55-u1:r9,draft_presence,審議会66以前・原案,no_present_correspondence,none,南海トラフ地震や首都直下地震のリスクを踏まえたエネルギー供給拠点の分散化として、水素利用の促進に当たっては需要・供給の拡大だけでなく、日本海側と太平洋側が相互補完する水素・アンモニアサプライチェーンを構築することを求めている。,候補には、自然災害へのレジリエンス強化、石油備蓄基地の分散配置、水素供給を担うサービスステーションへの言及がある。しかし、要求の主要内容である、南海トラフ地震及び首都直下地震のリスクを踏まえたエネルギー供給拠点の分散化として、日本海側と太平洋側が相互補完する水素・アンモニアサプライチェーンを構築するとの具体的記載は確認できない。
sol_astra:energy-meeting-61-min61-u15:r3,draft_presence,審議会66以前・原案,uncertain,none,第7次エネルギー基本計画から、石油をおとしめる表現及び実質的に石油悪者論につながる施策を排除すること。,原案には石油を「国民生活・経済活動に不可欠なエネルギー源」と位置付ける記載がある一方、化石エネルギーへの過度な依存からの脱却や燃料転換も記載されている。しかし、要求は特定の表現及び施策の排除を求める削除・不採用要求であり、比較可能な旧版がなく、提示候補も文書全体ではないため、対象となる表現・施策が排除されたかを単一文書の候補だけから確認できない。また、従業員の離職や求人難という要求理由に対応する記載も確認できない。
sol_astra:energy-opinion-box-000002:r1,draft_presence,意見箱67以前・原案,no_present_correspondence,none,第7次エネルギー基本計画の検討に当たり、EVの充電に必要な電力をどのように賄う予定なのかを示すことを求めている。,本文候補には、EV需要が将来の電力需要の変動要因であるとの認識、充電インフラの整備、及び一般的な電源構成の方針はある。しかし、これらを結び付けてEVの充電に必要な電力をどのように賄う予定かを具体的に示す記載はない。また、原子力による供給に関して要求理由で示された事故時の住民対応、地震活動、耐震基準及び運転期間への懸念に対応する説明も確認できない。
sol_astra:energy-opinion-box-000002:r2,draft_presence,意見箱67以前・原案,partial_present_correspondence,none,第7次エネルギー基本計画の検討に当たり、指摘された問題があるEVを推進し続ける理由を示すことを求めている。,本文候補には、EVを含む電動車の導入促進方針に加え、需要側の電化による排出削減、車載用蓄電池による再生可能エネルギーの有効利用、蓄電池サプライチェーンの強靱化など、推進理由に当たる記載がある。一方、対象は「電動車」又は蓄電池・電化一般であり、EV推進の理由を一体的に説明したものではない。また、寒冷地・熱帯での危険性、充電インフラ整備の費用と時間、追加電力の供給方法と原発事故リスク、製造から廃棄までのCO2排出量の比較には具体的に応答していない。特定国依存と充電インフラには関連記載があるため、要求全体では一部記載対応と判断する。
sol_astra:energy-opinion-box-000005:r11,draft_presence,意見箱67以前・原案,present_correspondence,none,第7次エネルギー基本計画のエネルギー安全保障施策として、エネルギーの備蓄を強化するよう求めている。,原案には、LNGについてタンク容量の増強等による貯蔵能力強化を検討するとの明示的記載があり、石油についても備蓄水準の維持、放出の機動性向上、備蓄基地設備の修繕・改良、国際的な備蓄協力を進めるとの具体的記載がある。したがって、エネルギー安全保障施策としてエネルギー備蓄を強化するという要求の主要内容に実質的に対応している。要求理由についてもウクライナ侵略及び中東情勢の緊迫化は記載されているが、台湾は明示されていないため一部一致とした。
sol_astra:energy-additional-meeting-67-add67-u1:r1,genan_to_an,審議会67-68,not_corresponding,none,第7次エネルギー基本計画を「GX2040ビジョン」における産業政策とセットで遂行することを求めている。,要求された本計画とGX2040ビジョンの一体的遂行は、原案に既に「本計画と『GX2040ビジョン』を一体的に遂行する」と具体的に記載され、産業政策との一体展開も原案に存在していた。案でも同一記載が維持されており、原案から案への対応する実質的変更はないため、本文内容は要求と一致するが、新旧比較上は対応なしと判定する。理由のうちDX・GXによる電力需要増加、エネルギー安定供給、経済成長及び脱炭素は記載されている一方、サーキュラーエコノミー化は当該対応記載で確認できない。
sol_astra:energy-meeting-67-min67-u13:r3,genan_to_an,審議会67-68,partially_corresponding,none,計画の前提を固定的に決めつけず、国内外の状況変化を見極めながら、環境と産業競争力のバランスを確保する柔軟な内容とすることを求めている。,新版では、施策の進捗、技術革新、国際情勢、GX・DXの進展を確認しながら施策を推進・具体化するという適応的な政策運営が追加されており、状況変化を見極めて固定的に決めつけない柔軟性を求める方向には対応している。一方、追加部分には環境と産業競争力のバランスや、欧州、とりわけドイツのような競争力低下を避けるという条件は具体化されていない。産業競争力や環境適合性に関する他の候補は原案から変更されていないため、要求全体では一部対応にとどまる。
sol_astra:energy-meeting-67-min67-u17:r1,genan_to_an,審議会67-68,corresponding,none,2040年に向けた政策の方向性において、多様な電源構成の重要性を現行原案より強調する。,原案にも「バランスのとれた電源構成」とその根拠は記載されていたが、案では「多様な電源構成が重要である」と明示する文言が追加された。これは、2040年に向けた電源構成について多様性の重要性を現行原案より強調するという要求の対象、行為及び方向に明確に対応する。
sol_astra:energy-meeting-67-min67-u29:r2,genan_to_an,審議会67-68,uncertain,none,第7次エネルギー基本計画の2040年再エネ目標を、現在の4～5割より高くできないか検討すること。,再生可能エネルギーの最大限導入という一般方針は原案から案まで維持され、2040年に向けた施策の更なる具体化に関する記載も追加されている。しかし、要求対象である2040年の再生可能エネルギー比率4～5割そのものを示す本文候補がなく、その目標をより高くする検討が具体化されたかを新旧比較できない。一般的な施策具体化の追加だけでは、再エネ比率目標の引上げ検討との対応を確定できない。
sol_astra:energy-opinion-box-000935:r1,genan_to_an,意見箱68・68.5,uncertain,none,戦時対応と防衛力強化の観点から、ミサイル攻撃に対する火力・原子力の拠点型設備の脆弱性、燃料の海外依存、太陽光・風力など分散型再生可能エネルギーの被害分散性と国内調達性を計画で考慮することを求める。,案では分散型エネルギーリソースの活用が追加されており、要求対象の一部と主題上重なる。しかし、追加理由は地方創生及び自然災害への対応であり、戦時対応、防衛力強化、ミサイル攻撃に対する火力・原子力の拠点型設備の脆弱性、火力燃料の海外依存、太陽光・風力の被害分散性及び国内調達性は具体化されていない。さらに、要求の提出日又は収集日が示されておらず、この変更が要求の基準時点より後か確認できないため、最終的な本文対応は確定できない。
sol_astra:energy-opinion-box-000935:r2,genan_to_an,意見箱68・68.5,not_corresponding,none,「可能な限り原発依存度を低減する」という方策を計画で堅持することを求める。,要求は「可能な限り原発依存度を低減する」方針の維持を求めるものだが、提示候補には同方針の維持を示す記載がない。原案と案はいずれも原子力の最大限活用を掲げており、関連箇所にも変更はないため、要求された方向への維持とは対応しない。
sol_astra:energy-opinion-box-000982:r3,genan_to_an,意見箱68・68.5,partially_corresponding,none,計画案の「バランスの取れた電源構成」について、どのような状態をバランスが取れていると評価するのか、その意味または判断基準を明確にすることを求めている。,「バランスのとれた電源構成」を説明する箇所に「多様な電源構成が重要である」と追加され、バランスの意味を電源の多様性と結び付ける説明が補強された。ただし、どの程度の多様性や依存度でバランスが取れていると評価するのかという具体的な判断基準までは示されていないため、一部対応にとどまる。
sol_astra:energy-meeting-68-min68-u10:r1,an_to_saisyu,審議会67-68,not_corresponding,none,産業界の投資に必要な予見可能性を高めるため、需給見通しで3割から4割を占める火力発電について、脱炭素化を進める具体的な道筋を示すことを求めている。,火力発電の脱炭素化について、LNG火力の確保、水素・アンモニア及びCCUSの活用、非効率な石炭火力のフェードアウトを時間軸や排出量に留意しつつ進め、事業者の予見可能性を確保する記載は案の段階ですでに具体的に存在する。最終版でも同一の記載が維持されており、要求後に当該道筋を追加した変更は確認できないため、add要求への本文変更としては対応なしと判定する。
sol_astra:energy-meeting-68-min68-u14:r1,an_to_saisyu,審議会67-68,partially_corresponding,none,2050年のネットゼロ実現を前提に、過度に野心的なGHG削減シナリオではなく、日本の産業構造を踏まえた現実的な目標を設定する。,案の未確定だったGHG削減目標が、最終版では2050年ネット・ゼロに向けた「直線的な経路」として2035年度60%、2040年度73%に具体化されており、要求者が妥当とした直線シナリオ及び2050年ネットゼロという条件には対応する。一方、最終版はこの目標を「世界全体での1.5°C目標と整合的」な「野心的な目標」と位置付けており、「過度に野心的」ではないことや、日本の産業構造を踏まえた現実的な目標であることは具体化されていない。このため、目標設定行為と直線経路には対応するが、要求の主要な評価枠組みと条件の一部にとどまる。
sol_astra:energy-meeting-68-min68-u20:r5,an_to_saisyu,審議会67-68,uncertain,none,需給見通し19ページに示された各ケースについて、平均費用を1キロワットアワー当たりの金額で示す。,提示候補には、需給見通しの各ケースにおける平均費用を1キロワットアワー当たりの金額で示す記載又はその案から最終版への変更が含まれていない。料金水準や発電コストに言及する候補はあるが、各ケース別の平均費用の開示とは対象及び範囲が異なるため、要求への対応の有無を確定できない。
sol_astra:energy-opinion-box-000998:r1,an_to_saisyu,意見箱68・68.5,uncertain,none,第7次エネルギー基本計画を、日本の経済産業公務員の志と現実の数値に基づいて形成する。,候補では、1.5°C目標との整合性及び2035年度・2040年度の削減数値が具体化されており、要求理由の一部には関連する。しかし、「日本の経済産業公務員の志と現実の数値」を計画形成の基礎とする枠組みへの変更や、再エネ100％産業経済社会システムを基本的方向性とする変更は確認できない。また、要求の提出日又は収集日が示されておらず、これらの変更が要求の基準時点より後であることを確認できないため、本文対応を確定できない。
sol_astra:energy-opinion-box-000998:r2,an_to_saisyu,意見箱68・68.5,not_corresponding,none,総理大臣の威厳を用いて再エネ導入に対する関係省庁の非協力を打開し、その対応として、エネルギー確保を守らない農林・国交・環境・自治・経産の各大臣を更迭する。,再生可能エネルギーの主力電源化とエネルギー安定供給に関する記載は案と最終版で同一であり、実質的な変更はない。要求の中心である、総理大臣の権限を用いた関係省庁の非協力の打開、2030年目標達成に向けた省庁横断の協力、農林・国交・環境・自治・経産の各大臣の更迭又は責任に対応する追加・修正も提示候補には確認できない。
sol_astra:energy-opinion-box-000999:r15,an_to_saisyu,意見箱68・68.5,partially_corresponding,none,日本国内の排出削減だけでなく、日本の脱炭素技術をGlobal South諸国へインフラ輸出して世界全体の排出削減に貢献することを重視するよう求めている。,最終版では、アジアが世界のCO2排出量の半分以上を占めることを根拠として、世界の脱炭素化への貢献を重要と位置付ける文が追加された。これは、国内削減だけでなく海外での削減貢献を重視する枠組みへの変更という要求の方向に対応する。さらに、直後の途上国等への脱炭素技術の普及に関する既存記載と一体で読むと、日本の技術を通じた海外削減への貢献も具体化されている。ただし、要求が対象とするGlobal South諸国や「インフラ輸出」は明記されず、日本の排出量が世界全体の約3％であるという条件も追加されていないため、一部対応にとどまる。
sol_astra:energy-public-comment-10-1:r1,an_to_saisyu,パブコメ,not_corresponding,none,第7次エネルギー基本計画案を、より持続可能で安全なエネルギー政策となるよう修正することを求める。,原子力の安全性等への懸念を受け止める旨は追加されたが、安全性を高める具体的な政策内容への修正ではなく、持続可能性についても対応する変更が確認できない。旧版に既に存在した安全性確保や脱炭素等の記載は維持されているにとどまり、計画をより持続可能かつ安全な方向へ修正するという要求に対応する実質的変更とはいえない。
sol_astra:energy-public-comment-106-2:r1,an_to_saisyu,パブコメ,corresponding,none,原子力を再生可能エネルギーとともに最大限活用する方針を、第7次エネルギー基本計画案において維持することを求める。,案において、再生可能エネルギーと原子力を二項対立で捉えず、両者を含む電源を最大限活用する方針が具体的に記載されており、最終版でも同一文言で維持されている。したがって、当該方針の維持を求めるretain要求に対応する。
sol_astra:energy-public-comment-107-2:r2,an_to_saisyu,パブコメ,partially_corresponding,none,第7次エネルギー基本計画案の検討において、水素エネルギーに目を向けることを求めている。,最終版では、水素を対象とする協力活動を展開する方針が新たに追加されており、水素エネルギーを検討対象とする要求の対象・行為・方向に対応する。ただし、追加はIPEFにおける国際協力という限定された範囲にとどまり、要求理由として示された未来のエネルギー源としての期待や、水素カーのような取組には対応していないため、一部対応と判断した。
sol_astra:energy-public-comment-117-4:r1,an_to_saisyu,パブコメ,uncertain,none,50年のゼロエミッションを目指し、第7次エネルギー基本計画案に、COP28の合意を踏まえて2030年までに再生可能エネルギーを3倍化し、電力の7割とする目標を設定するよう求めている。,再生可能エネルギーの最大限導入に関する表現の修正は確認できるが、要求の中心である2030年までの再生可能エネルギー3倍化及び電力の7割という数値目標は、この変更に追加されていない。また、電源構成についての「再生可能エネルギーを主力電源として最大限導入」との記載は案から最終版まで同一である。もっとも、2030年の再生可能エネルギー導入目標及び電源構成を直接示す本文候補が提示されていないため、他の箇所で数値目標が変更されたかを確定できない。
